hidden_layers,loss_types,learning_rates,epochs,batch_sizes,train,test
4-4,absolute,0.001,100,2,1.75250700701663,2.22784965031258
5-2,absolute,0.001,100,2,1.76178226392048,2.25664640102931
6-3-2,absolute,0.001,100,2,1.83274143752335,2.21667087373902
8-4-2,absolute,0.001,100,2,1.69463153656871,2.36484195917136
7-4-3-2,absolute,0.001,100,2,1.70769343962407,2.28072422646767
9-6-4-3,absolute,0.001,100,2,2.05805072709188,2.51706096752191
10-5-3-2,absolute,0.001,100,2,1.71152423797874,2.26414749659905
4-4,squared,0.001,100,2,1.98123890760622,2.50937400097314
5-2,squared,0.001,100,2,1.83609278114487,2.30023547435227
6-3-2,squared,0.001,100,2,1.97207983715304,2.61191048090707
8-4-2,squared,0.001,100,2,1.85347690839209,2.46380178984037
7-4-3-2,squared,0.001,100,2,1.68559815206654,2.39717622388425
9-6-4-3,squared,0.001,100,2,1.87906285995813,2.64820599234437
10-5-3-2,squared,0.001,100,2,1.80087235186675,2.52897321839169
4-4,huber,0.001,100,2,2.1161306552262,2.40256383427112
5-2,huber,0.001,100,2,1.93537118931043,2.29042525565377
6-3-2,huber,0.001,100,2,1.94938472655312,2.42548546782459
8-4-2,huber,0.001,100,2,2.02591258304974,2.4766473663103
7-4-3-2,huber,0.001,100,2,2.01607259745211,2.3658928984496
9-6-4-3,huber,0.001,100,2,1.82796402205221,2.36647243556501
10-5-3-2,huber,0.001,100,2,1.93544854439556,2.38272794815271
4-4,pseudo-huber,0.001,100,2,1.89228525175749,2.30994006735497
5-2,pseudo-huber,0.001,100,2,1.98040950857847,2.42375568907663
6-3-2,pseudo-huber,0.001,100,2,2.05011604612109,2.3765162978797
8-4-2,pseudo-huber,0.001,100,2,2.00691048574864,2.34114070692586
7-4-3-2,pseudo-huber,0.001,100,2,1.77899386210188,2.35620440233121
9-6-4-3,pseudo-huber,0.001,100,2,1.90736220374109,2.3669371991573
10-5-3-2,pseudo-huber,0.001,100,2,1.90003116076206,2.34886644082451
4-4,absolute,0.003,100,2,1.96655704756734,2.42791854940006
5-2,absolute,0.003,100,2,1.77766130408308,2.27523262817446
6-3-2,absolute,0.003,100,2,1.41740883455793,1.864573980861
8-4-2,absolute,0.003,100,2,2.22407261402276,2.57647302458132
7-4-3-2,absolute,0.003,100,2,1.44132959407517,1.9927276359939
9-6-4-3,absolute,0.003,100,2,1.90348716092377,2.57045682753347
10-5-3-2,absolute,0.003,100,2,1.5329903117444,2.33714427784361
4-4,squared,0.003,100,2,1.90614722003871,2.35484877208602
5-2,squared,0.003,100,2,1.81758363951031,2.20325079481643
6-3-2,squared,0.003,100,2,1.63609211910314,2.36297567259642
8-4-2,squared,0.003,100,2,1.56796774379191,2.5272580420755
7-4-3-2,squared,0.003,100,2,1.29197452747745,1.59820613774307
9-6-4-3,squared,0.003,100,2,1.1661782527326,1.90105086194985
10-5-3-2,squared,0.003,100,2,1.45130908939785,2.46033154274543
4-4,huber,0.003,100,2,1.7798391347515,2.48682818350897
5-2,huber,0.003,100,2,1.70509694727353,2.26962833518403
6-3-2,huber,0.003,100,2,1.83580479481561,2.32439678471512
8-4-2,huber,0.003,100,2,1.51313898887289,2.36394370007511
7-4-3-2,huber,0.003,100,2,1.39454742819365,2.16070412154004
9-6-4-3,huber,0.003,100,2,1.60924172361285,2.77517907515799
10-5-3-2,huber,0.003,100,2,0.891567956378307,1.2531413796379
4-4,pseudo-huber,0.003,100,2,1.52950972930951,1.81346203122328
5-2,pseudo-huber,0.003,100,2,1.75164360549032,2.35746467597784
6-3-2,pseudo-huber,0.003,100,2,1.86798969038195,2.4203781223452
8-4-2,pseudo-huber,0.003,100,2,1.77903835759077,2.39864551352969
7-4-3-2,pseudo-huber,0.003,100,2,1.89496183599771,2.39920726690246
9-6-4-3,pseudo-huber,0.003,100,2,1.47241240790639,2.48997466080865
10-5-3-2,pseudo-huber,0.003,100,2,1.48959431431879,1.96410482280398
4-4,absolute,0.01,100,2,1.92729944664462,2.17593548830422
5-2,absolute,0.01,100,2,4.00677574357512,4.48701295597594
6-3-2,absolute,0.01,100,2,1.72043007486973,2.24753410963902
8-4-2,absolute,0.01,100,2,1.86824374682862,2.50423085069725
7-4-3-2,absolute,0.01,100,2,2.06563160281909,2.68266517687284
9-6-4-3,absolute,0.01,100,2,1.42624553479044,1.90342659487381
10-5-3-2,absolute,0.01,100,2,1.72488294594114,2.27982539393823
4-4,squared,0.01,100,2,2.19907740427154,2.68141942130625
5-2,squared,0.01,100,2,1.86481798527826,1.99616600016164
6-3-2,squared,0.01,100,2,1.50036733452683,1.69243354172904
8-4-2,squared,0.01,100,2,1.03128544309855,1.43523119160083
7-4-3-2,squared,0.01,100,2,1.88313237888699,2.34905457854209
9-6-4-3,squared,0.01,100,2,1.15426589865176,1.76541388549254
10-5-3-2,squared,0.01,100,2,1.24525750929751,2.07497835449667
4-4,huber,0.01,100,2,0.980624256651307,1.27228459645247
5-2,huber,0.01,100,2,2.35086946733812,3.10787752681175
6-3-2,huber,0.01,100,2,1.31573187598345,1.83170115882177
8-4-2,huber,0.01,100,2,0.913730640006497,1.36755707848557
7-4-3-2,huber,0.01,100,2,1.15749281822727,1.53394561773756
9-6-4-3,huber,0.01,100,2,1.19810272077492,2.01513983244139
10-5-3-2,huber,0.01,100,2,1.22802900318969,1.59108754559652
4-4,pseudo-huber,0.01,100,2,1.43354013118998,1.87114099799531
5-2,pseudo-huber,0.01,100,2,1.12553380081366,1.46366480804955
6-3-2,pseudo-huber,0.01,100,2,1.59803970787896,2.40523274200796
8-4-2,pseudo-huber,0.01,100,2,0.937737133401999,1.27154262122242
7-4-3-2,pseudo-huber,0.01,100,2,1.11191587821036,1.56114846530191
9-6-4-3,pseudo-huber,0.01,100,2,1.61375842862261,3.01250569958371
10-5-3-2,pseudo-huber,0.01,100,2,0.856253411004157,1.2828005727025
4-4,absolute,0.03,100,2,6.19555638354359,5.75845358280381
5-2,absolute,0.03,100,2,9.98740566044028,10.3676459222462
6-3-2,absolute,0.03,100,2,3.34282740422355,3.41051956315129
8-4-2,absolute,0.03,100,2,3.31683731591938,3.45509535011543
7-4-3-2,absolute,0.03,100,2,5.68118877872852,5.65867667915331
9-6-4-3,absolute,0.03,100,2,3.92680334178229,4.00607943412296
10-5-3-2,absolute,0.03,100,2,3.54758334573275,3.37333257650773
5-2,squared,0.03,100,2,6.1608556521743,6.60828690672094
6-3-2,squared,0.03,100,2,5.83995103254366,5.53008229994042
8-4-2,squared,0.03,100,2,6.10280333124355,6.47575050835518
7-4-3-2,squared,0.03,100,2,4.56789494051188,5.09884680761459
9-6-4-3,squared,0.03,100,2,5.63263260619371,5.99523739634583
10-5-3-2,squared,0.03,100,2,6.41338924072292,6.65562668566088
4-4,huber,0.03,100,2,1.57553238984183,1.84341846846847
5-2,huber,0.03,100,2,1.90676224828258,2.257848877371
6-3-2,huber,0.03,100,2,1.49580816745182,1.98919180729853
8-4-2,huber,0.03,100,2,1.79367963398219,2.07753692127977
7-4-3-2,huber,0.03,100,2,1.46517899322616,1.86867902142737
9-6-4-3,huber,0.03,100,2,1.9135721414193,2.54798980582044
10-5-3-2,huber,0.03,100,2,0.942287893926606,1.60505630947624
4-4,pseudo-huber,0.03,100,2,1.17660536406003,1.45080018302757
5-2,pseudo-huber,0.03,100,2,1.19206342626659,1.63673800854577
6-3-2,pseudo-huber,0.03,100,2,2.0774040181394,2.38748404696955
8-4-2,pseudo-huber,0.03,100,2,1.32902408461146,2.07538788762324
7-4-3-2,pseudo-huber,0.03,100,2,1.59074119632146,2.00147635275716
9-6-4-3,pseudo-huber,0.03,100,2,0.93077012016552,1.55020525998047
10-5-3-2,pseudo-huber,0.03,100,2,1.16413178418999,1.61138626728497
4-4,absolute,0.001,250,2,1.64594881547438,2.18472546622103
5-2,absolute,0.001,250,2,1.3129697559482,1.86537193414528
6-3-2,absolute,0.001,250,2,1.77332845491887,2.6084983404737
8-4-2,absolute,0.001,250,2,1.05787931113327,1.7112386300533
7-4-3-2,absolute,0.001,250,2,1.14248230691876,1.58892372908271
9-6-4-3,absolute,0.001,250,2,1.21687700469327,2.59392726485808
10-5-3-2,absolute,0.001,250,2,1.01378853055138,1.51201117186815
4-4,squared,0.001,250,2,1.56924680498735,2.32499552921571
5-2,squared,0.001,250,2,1.68454033604362,2.08847293976079
6-3-2,squared,0.001,250,2,1.47099296951553,2.08863468287994
8-4-2,squared,0.001,250,2,1.42700709673917,2.85149372721344
7-4-3-2,squared,0.001,250,2,1.48973798316877,2.52572860962397
9-6-4-3,squared,0.001,250,2,1.29899374377554,2.42730598634081
10-5-3-2,squared,0.001,250,2,0.958319881744241,1.6614291589854
4-4,huber,0.001,250,2,1.47679866993336,1.88624888014724
5-2,huber,0.001,250,2,1.88760148775593,2.50455163784045
6-3-2,huber,0.001,250,2,1.30302801631905,1.58758027854546
8-4-2,huber,0.001,250,2,1.46985025771295,2.14634901411982
7-4-3-2,huber,0.001,250,2,1.82203906420525,2.43591785691275
9-6-4-3,huber,0.001,250,2,1.7174566938927,2.43689664914578
10-5-3-2,huber,0.001,250,2,1.35764741036681,2.11550297251214
4-4,pseudo-huber,0.001,250,2,1.66467914565587,2.3761792642804
5-2,pseudo-huber,0.001,250,2,1.82856263864879,2.42624301825894
6-3-2,pseudo-huber,0.001,250,2,1.89148580273333,2.51491824856224
8-4-2,pseudo-huber,0.001,250,2,1.89133505184052,2.60487033878111
7-4-3-2,pseudo-huber,0.001,250,2,1.86148786006848,2.60692562927171
9-6-4-3,pseudo-huber,0.001,250,2,1.40080321054638,2.62713500042228
10-5-3-2,pseudo-huber,0.001,250,2,1.41414225129781,2.48875061978027
4-4,absolute,0.003,250,2,1.64160308664638,2.00856558504209
5-2,absolute,0.003,250,2,1.84580020516982,2.12770399850792
6-3-2,absolute,0.003,250,2,1.38832503072806,2.20921675885408
8-4-2,absolute,0.003,250,2,1.39158584533486,2.45724387001152
7-4-3-2,absolute,0.003,250,2,1.49009953376647,2.05647054316967
9-6-4-3,absolute,0.003,250,2,1.48469345207511,2.10165115566961
10-5-3-2,absolute,0.003,250,2,1.41842234773857,2.26310398087015
4-4,squared,0.003,250,2,1.45309037677344,1.95554064999595
5-2,squared,0.003,250,2,1.3898528326618,2.04803585511469
6-3-2,squared,0.003,250,2,0.722287047768983,1.13082720754799
8-4-2,squared,0.003,250,2,1.23772373539074,2.35146954347752
7-4-3-2,squared,0.003,250,2,0.703332958648377,1.09135416608404
9-6-4-3,squared,0.003,250,2,0.602530084654932,1.47835670432843
10-5-3-2,squared,0.003,250,2,0.897835819135303,1.46480031660797
4-4,huber,0.003,250,2,1.70131465849592,2.29055078049309
5-2,huber,0.003,250,2,1.59397332360402,2.36495868040738
6-3-2,huber,0.003,250,2,1.76913199714453,2.42036172079545
8-4-2,huber,0.003,250,2,1.50023643523415,2.62091710644178
7-4-3-2,huber,0.003,250,2,0.88646487779323,1.34155330930829
9-6-4-3,huber,0.003,250,2,0.886743376794786,1.29008405245413
10-5-3-2,huber,0.003,250,2,1.06252137480981,1.84844689491535
4-4,pseudo-huber,0.003,250,2,1.91347326066591,2.54761168122825
5-2,pseudo-huber,0.003,250,2,1.82572418318165,2.66946446090549
6-3-2,pseudo-huber,0.003,250,2,1.47623319315508,2.34321830353958
8-4-2,pseudo-huber,0.003,250,2,0.940708886138223,1.38108947786111
7-4-3-2,pseudo-huber,0.003,250,2,1.05999499883717,1.63135164137864
9-6-4-3,pseudo-huber,0.003,250,2,0.845775519211584,1.65792061595898
10-5-3-2,pseudo-huber,0.003,250,2,1.05734208961903,2.18011846135028
4-4,absolute,0.01,250,2,1.8235980320718,2.01695636482657
5-2,absolute,0.01,250,2,2.40535282513862,2.77389798099798
6-3-2,absolute,0.01,250,2,2.7675976795671,3.10488608982725
8-4-2,absolute,0.01,250,2,1.62508908407865,1.90944669539703
7-4-3-2,absolute,0.01,250,2,2.17035899987459,2.73015897605246
9-6-4-3,absolute,0.01,250,2,1.75027454793807,2.75607635439401
10-5-3-2,absolute,0.01,250,2,1.79758473047165,2.22029690822856
4-4,squared,0.01,250,2,2.15019336098283,2.68438580078256
5-2,squared,0.01,250,2,1.24659710416804,1.602880102306
6-3-2,squared,0.01,250,2,1.08583945003775,1.40572559376889
8-4-2,squared,0.01,250,2,0.639741759520357,1.00955404885962
7-4-3-2,squared,0.01,250,2,0.945431486373541,1.41168812327775
9-6-4-3,squared,0.01,250,2,0.562135395747612,1.37260517898592
10-5-3-2,squared,0.01,250,2,0.807319614296904,1.75301292122942
4-4,huber,0.01,250,2,1.34569112325089,1.85034150259439
5-2,huber,0.01,250,2,1.23221562832082,1.74736274516692
6-3-2,huber,0.01,250,2,1.13813818010446,1.64291852977352
8-4-2,huber,0.01,250,2,0.966708870564397,1.5966763008479
7-4-3-2,huber,0.01,250,2,0.634441593638021,0.953639510083477
9-6-4-3,huber,0.01,250,2,0.512472155501893,1.1061740801109
10-5-3-2,huber,0.01,250,2,0.514804136316611,1.1009101037554
4-4,pseudo-huber,0.01,250,2,1.66678025259655,2.11932926268601
5-2,pseudo-huber,0.01,250,2,1.58299624285682,2.44679810995055
6-3-2,pseudo-huber,0.01,250,2,1.01224451652402,1.62211678780061
8-4-2,pseudo-huber,0.01,250,2,0.955446246880256,1.49703009662862
7-4-3-2,pseudo-huber,0.01,250,2,1.33439851111298,2.59021506024391
9-6-4-3,pseudo-huber,0.01,250,2,0.488621244204054,1.07108169710871
10-5-3-2,pseudo-huber,0.01,250,2,0.69724289322693,1.38603741182133
4-4,absolute,0.03,250,2,3.4091997502248,3.17512584609086
5-2,absolute,0.03,250,2,3.09417086234823,3.30619712021004
6-3-2,absolute,0.03,250,2,3.74175107842049,4.10985630921202
8-4-2,absolute,0.03,250,2,2.70934496262485,3.28080018238769
7-4-3-2,absolute,0.03,250,2,2.51838531929185,2.72225443879631
9-6-4-3,absolute,0.03,250,2,4.40701977737129,4.24046299977771
10-5-3-2,absolute,0.03,250,2,3.62101382066555,3.66667810050923
4-4,squared,0.03,250,2,4.36205857112657,4.34593197743673
5-2,squared,0.03,250,2,3.71374678745661,3.62778541595863
6-3-2,squared,0.03,250,2,4.89276308876476,4.81079970875822
8-4-2,squared,0.03,250,2,6.08618593685289,5.57523923597394
7-4-3-2,squared,0.03,250,2,3.13481707454833,3.13429790128738
9-6-4-3,squared,0.03,250,2,3.1947589375778,3.09712971472908
10-5-3-2,squared,0.03,250,2,9.17313368565161,8.52516152384421
4-4,huber,0.03,250,2,1.34523430632332,1.84612360428236
5-2,huber,0.03,250,2,1.38321183296882,2.01616465801887
6-3-2,huber,0.03,250,2,1.55389404130613,2.02947283417397
8-4-2,huber,0.03,250,2,1.05358538805958,1.44404485081932
7-4-3-2,huber,0.03,250,2,1.85518397190901,1.98583027526125
9-6-4-3,huber,0.03,250,2,0.998963770823986,1.61394528194611
10-5-3-2,huber,0.03,250,2,1.07211002971929,1.65629084969024
4-4,pseudo-huber,0.03,250,2,2.11609006580017,2.13865576257491
5-2,pseudo-huber,0.03,250,2,1.11933495578184,1.65401101785319
6-3-2,pseudo-huber,0.03,250,2,0.987842975135853,1.38458756907736
8-4-2,pseudo-huber,0.03,250,2,1.01365968566728,1.54416705856579
7-4-3-2,pseudo-huber,0.03,250,2,0.889725464242556,1.70752474731955
9-6-4-3,pseudo-huber,0.03,250,2,0.789221591120712,1.37787356153129
10-5-3-2,pseudo-huber,0.03,250,2,0.830809084381064,1.3491473252643
4-4,absolute,0.001,500,2,0.932959617206557,1.49558848197691
5-2,absolute,0.001,500,2,1.05939380282406,1.4380802972374
6-3-2,absolute,0.001,500,2,1.04335324340614,1.49217876489056
8-4-2,absolute,0.001,500,2,0.986946712749051,1.68509136260409
7-4-3-2,absolute,0.001,500,2,1.08252646297475,1.84369629982851
9-6-4-3,absolute,0.001,500,2,0.749881378486341,1.1889374470443
10-5-3-2,absolute,0.001,500,2,0.974709943037112,2.21601070405212
4-4,squared,0.001,500,2,0.737097843625689,1.02483777031424
5-2,squared,0.001,500,2,1.20439659305002,1.80419250866111
6-3-2,squared,0.001,500,2,1.03540306763659,1.38443590817245
8-4-2,squared,0.001,500,2,0.798990115692997,1.25315634630855
7-4-3-2,squared,0.001,500,2,1.15043901409725,2.51656193136379
9-6-4-3,squared,0.001,500,2,0.577348133778531,1.07277754434337
10-5-3-2,squared,0.001,500,2,0.711747686240797,1.31520236196033
4-4,huber,0.001,500,2,1.85448534823785,2.566092951963
5-2,huber,0.001,500,2,1.63400715043766,2.48546531912924
6-3-2,huber,0.001,500,2,1.58416570134237,2.53155457635147
8-4-2,huber,0.001,500,2,1.38702225737786,2.34519454285361
7-4-3-2,huber,0.001,500,2,1.29452856966056,2.25218188395734
9-6-4-3,huber,0.001,500,2,0.9494908987407,1.68245088809671
10-5-3-2,huber,0.001,500,2,1.06015587325646,2.23179892412952
4-4,pseudo-huber,0.001,500,2,1.55678911384732,2.27304980356723
5-2,pseudo-huber,0.001,500,2,1.79889228511263,2.47146435058052
6-3-2,pseudo-huber,0.001,500,2,1.23037600635551,1.64879131228346
8-4-2,pseudo-huber,0.001,500,2,0.841021243779667,1.40804198109918
7-4-3-2,pseudo-huber,0.001,500,2,1.0209454147563,1.72095382292616
9-6-4-3,pseudo-huber,0.001,500,2,0.662110131750254,1.10242882450238
10-5-3-2,pseudo-huber,0.001,500,2,1.41530559932878,2.53797728423445
4-4,absolute,0.003,500,2,1.29318970854222,1.57275995162181
5-2,absolute,0.003,500,2,1.71979493387378,2.56500214783292
6-3-2,absolute,0.003,500,2,1.00960329767766,1.47006902667732
8-4-2,absolute,0.003,500,2,1.30449350316651,1.99706173846793
7-4-3-2,absolute,0.003,500,2,1.20721816974917,1.58524550977438
9-6-4-3,absolute,0.003,500,2,0.807000516291455,1.33771282864617
10-5-3-2,absolute,0.003,500,2,0.826506417512869,1.74101829525754
4-4,squared,0.003,500,2,1.04551305434746,1.45001259975961
5-2,squared,0.003,500,2,1.762219370102,2.79126664175238
6-3-2,squared,0.003,500,2,0.773440060276767,1.38246598316442
8-4-2,squared,0.003,500,2,0.676868174537517,1.4829895208041
7-4-3-2,squared,0.003,500,2,1.25558200781413,2.58547459826209
9-6-4-3,squared,0.003,500,2,0.530379057635085,1.382860549865
10-5-3-2,squared,0.003,500,2,0.537502298589322,1.20431501942113
4-4,huber,0.003,500,2,1.30941594230913,2.2710683574446
5-2,huber,0.003,500,2,1.60496613509673,2.45510393143806
6-3-2,huber,0.003,500,2,1.37987664506169,2.59533812753711
8-4-2,huber,0.003,500,2,1.23413727135783,2.69338731705386
7-4-3-2,huber,0.003,500,2,0.676948093691264,1.08588083793352
9-6-4-3,huber,0.003,500,2,1.20945340822463,2.9807753620695
10-5-3-2,huber,0.003,500,2,0.772451986405791,2.30805149476419
4-4,pseudo-huber,0.003,500,2,1.32463942565307,1.88128256748715
5-2,pseudo-huber,0.003,500,2,1.05350277914197,1.48492526605584
6-3-2,pseudo-huber,0.003,500,2,1.39817598773154,2.40880013732789
8-4-2,pseudo-huber,0.003,500,2,0.67715913021811,1.0475700888871
7-4-3-2,pseudo-huber,0.003,500,2,0.846006746959747,1.27856178602271
9-6-4-3,pseudo-huber,0.003,500,2,0.445957359394076,1.05934227362478
10-5-3-2,pseudo-huber,0.003,500,2,0.799435654188691,1.65415547363942
4-4,absolute,0.01,500,2,1.9957068615607,2.29487057328367
5-2,absolute,0.01,500,2,1.71561543694853,2.01711551931163
6-3-2,absolute,0.01,500,2,2.75006862150614,3.04402773632198
8-4-2,absolute,0.01,500,2,1.34580689984942,1.84303702779645
7-4-3-2,absolute,0.01,500,2,1.78838938760361,2.44249792705188
9-6-4-3,absolute,0.01,500,2,2.55149371953756,2.94055498161251
10-5-3-2,absolute,0.01,500,2,1.93904507045489,2.33775888873505
4-4,squared,0.01,500,2,1.52251233128654,1.79362985156029
5-2,squared,0.01,500,2,0.966513326487741,1.29637242170683
6-3-2,squared,0.01,500,2,1.05488506283732,1.93808965873316
8-4-2,squared,0.01,500,2,0.733390814440693,1.29348348559138
7-4-3-2,squared,0.01,500,2,0.622429465839288,1.00892175783444
9-6-4-3,squared,0.01,500,2,1.0190268783634,2.54036945256434
10-5-3-2,squared,0.01,500,2,0.422456669755502,0.931368853732609
4-4,huber,0.01,500,2,1.120510142731,1.44628448722015
5-2,huber,0.01,500,2,1.69012385188175,2.5084936538579
6-3-2,huber,0.01,500,2,0.778458899403905,1.2088035253582
8-4-2,huber,0.01,500,2,0.857881886572104,1.77181892121003
7-4-3-2,huber,0.01,500,2,0.532217084140253,1.31201163539245
9-6-4-3,huber,0.01,500,2,0.421217644779037,1.02531188265965
10-5-3-2,huber,0.01,500,2,0.412192028021849,1.14236819198751
4-4,pseudo-huber,0.01,500,2,0.818090658371873,1.21489429314006
5-2,pseudo-huber,0.01,500,2,0.988382510888122,1.22385745215415
6-3-2,pseudo-huber,0.01,500,2,1.13390368618787,2.23562928742552
8-4-2,pseudo-huber,0.01,500,2,0.691673754369103,1.3149264733036
7-4-3-2,pseudo-huber,0.01,500,2,0.751844966718257,1.15326280889287
9-6-4-3,pseudo-huber,0.01,500,2,0.713117970255295,2.09008671853722
10-5-3-2,pseudo-huber,0.01,500,2,0.587132629650022,1.33583450891794
4-4,absolute,0.03,500,2,6.13169078491668,5.8194345753466
5-2,absolute,0.03,500,2,3.25978527161834,3.23259885198702
6-3-2,absolute,0.03,500,2,4.64926480366341,4.95655610573958
8-4-2,absolute,0.03,500,2,3.95660217890163,4.12129551649967
7-4-3-2,absolute,0.03,500,2,5.84986448455927,5.38833799663592
9-6-4-3,absolute,0.03,500,2,4.46099253339748,4.14614131615077
10-5-3-2,absolute,0.03,500,2,4.59148810575975,4.41446741426398
5-2,squared,0.03,500,2,5.24361265225989,4.92235163022058
6-3-2,squared,0.03,500,2,11.2919154497977,10.8101556933907
8-4-2,squared,0.03,500,2,6.2768697082729,6.66822250215392
7-4-3-2,squared,0.03,500,2,8.77790615661659,8.35663440956091
9-6-4-3,squared,0.03,500,2,6.79239450808961,7.16314527353824
10-5-3-2,squared,0.03,500,2,4.07393821892119,4.05373034983123
4-4,huber,0.03,500,2,1.73046007215039,2.28660685995588
5-2,huber,0.03,500,2,1.0941073390053,1.4195821043564
6-3-2,huber,0.03,500,2,1.01418292261227,1.64188499396661
8-4-2,huber,0.03,500,2,1.00427413186396,1.61659056673507
7-4-3-2,huber,0.03,500,2,1.51386337655366,1.74071653064847
9-6-4-3,huber,0.03,500,2,0.7707316496871,1.77289353898084
10-5-3-2,huber,0.03,500,2,0.670850261237468,1.50925307533673
4-4,pseudo-huber,0.03,500,2,1.55993823037419,2.12571959086205
5-2,pseudo-huber,0.03,500,2,1.50108466998968,1.97284544708122
6-3-2,pseudo-huber,0.03,500,2,1.45055619418379,2.7734705804719
8-4-2,pseudo-huber,0.03,500,2,1.04678555551314,1.79434596825644
7-4-3-2,pseudo-huber,0.03,500,2,1.25150236802005,1.81448405441737
9-6-4-3,pseudo-huber,0.03,500,2,0.753701176040559,1.80957069925906
10-5-3-2,pseudo-huber,0.03,500,2,0.883453440578949,1.5096083175343
4-4,absolute,0.001,100,4,1.79057497775683,2.18915417542597
5-2,absolute,0.001,100,4,1.90424114658577,2.18675397659715
6-3-2,absolute,0.001,100,4,1.83427112603148,2.34792279757465
8-4-2,absolute,0.001,100,4,1.81225423100706,2.26482809200528
7-4-3-2,absolute,0.001,100,4,1.83752332356926,2.24999156495765
9-6-4-3,absolute,0.001,100,4,1.75954974941189,2.31003903091566
10-5-3-2,absolute,0.001,100,4,1.712705931185,2.23759236775281
4-4,squared,0.001,100,4,1.96854687473163,2.34585508982254
5-2,squared,0.001,100,4,1.95384266826437,2.30867509809885
6-3-2,squared,0.001,100,4,1.8862805774744,2.46659566472213
8-4-2,squared,0.001,100,4,2.02415338668257,2.42197996152178
7-4-3-2,squared,0.001,100,4,2.00559281347772,2.40056820779619
9-6-4-3,squared,0.001,100,4,1.90621835306018,2.5281504358122
10-5-3-2,squared,0.001,100,4,1.86738358183487,2.53962269250024
4-4,huber,0.001,100,4,2.00011092474399,2.31220405431858
5-2,huber,0.001,100,4,2.06625717633301,2.44381247800363
6-3-2,huber,0.001,100,4,2.05203147700169,2.41613385315525
8-4-2,huber,0.001,100,4,1.98030945399283,2.36646775888062
7-4-3-2,huber,0.001,100,4,2.01022899713035,2.46629393047263
9-6-4-3,huber,0.001,100,4,1.73818421747286,2.25189653056833
10-5-3-2,huber,0.001,100,4,2.10748962694472,2.54368229863836
4-4,pseudo-huber,0.001,100,4,2.01648594084184,2.35533152634646
5-2,pseudo-huber,0.001,100,4,1.9750274316521,2.33557514984416
6-3-2,pseudo-huber,0.001,100,4,2.07109025575286,2.34856226275338
8-4-2,pseudo-huber,0.001,100,4,2.10405393111295,2.40305070874526
7-4-3-2,pseudo-huber,0.001,100,4,2.06980549616953,2.29440046760399
9-6-4-3,pseudo-huber,0.001,100,4,1.99842019988834,2.2837397121833
10-5-3-2,pseudo-huber,0.001,100,4,1.90258495614501,2.31828911119545
4-4,absolute,0.003,100,4,1.89602254829072,2.36400224464243
5-2,absolute,0.003,100,4,1.93664833937356,2.38449577887501
6-3-2,absolute,0.003,100,4,1.83595365099113,2.2831703515625
8-4-2,absolute,0.003,100,4,1.58755956636715,2.29904223200485
7-4-3-2,absolute,0.003,100,4,1.53499544602302,2.10861507352716
9-6-4-3,absolute,0.003,100,4,2.08496632347207,2.55743456236228
10-5-3-2,absolute,0.003,100,4,1.7657026287421,2.30503808647906
4-4,squared,0.003,100,4,1.80225293634334,2.38027765360362
5-2,squared,0.003,100,4,1.9919925265259,2.35753481038424
6-3-2,squared,0.003,100,4,1.29829830140046,1.90200970162059
8-4-2,squared,0.003,100,4,1.73654639896814,2.37795713058769
7-4-3-2,squared,0.003,100,4,1.07924607022001,1.52630075208797
9-6-4-3,squared,0.003,100,4,1.44262325290402,2.37329390835847
10-5-3-2,squared,0.003,100,4,1.62480383987199,2.7470493989567
4-4,huber,0.003,100,4,1.96996061371195,2.30187673258783
5-2,huber,0.003,100,4,1.86599254330526,2.29489013616197
6-3-2,huber,0.003,100,4,1.94347447856881,2.37984399369106
8-4-2,huber,0.003,100,4,2.01879026836718,2.41137949993026
7-4-3-2,huber,0.003,100,4,1.87602541338939,2.31934101099892
9-6-4-3,huber,0.003,100,4,1.84830977420774,2.53050909106497
10-5-3-2,huber,0.003,100,4,1.75625025020815,2.79246851387303
4-4,pseudo-huber,0.003,100,4,1.66470157916533,2.00709072286576
5-2,pseudo-huber,0.003,100,4,1.89982076746727,2.26392306994648
6-3-2,pseudo-huber,0.003,100,4,1.85149850563652,2.38313340054691
8-4-2,pseudo-huber,0.003,100,4,1.74219593651361,2.51460996171787
7-4-3-2,pseudo-huber,0.003,100,4,1.9487845212329,2.61395546477999
9-6-4-3,pseudo-huber,0.003,100,4,1.77641314658026,2.32055133148971
10-5-3-2,pseudo-huber,0.003,100,4,1.88082177466296,2.52889365236587
4-4,absolute,0.01,100,4,1.70992513306576,2.184314962668
5-2,absolute,0.01,100,4,1.98301880049021,2.65538548672305
6-3-2,absolute,0.01,100,4,2.00002326459276,2.6740863307659
8-4-2,absolute,0.01,100,4,1.68706274791398,2.3799349405446
7-4-3-2,absolute,0.01,100,4,1.73749445820192,2.53725624884529
9-6-4-3,absolute,0.01,100,4,1.4693411544975,1.8301859076588
10-5-3-2,absolute,0.01,100,4,1.42296349448993,2.42217208455574
4-4,squared,0.01,100,4,1.87586797566122,2.1829064512587
5-2,squared,0.01,100,4,1.31898717484104,1.69346053630087
6-3-2,squared,0.01,100,4,1.80800441705024,2.81284887200452
8-4-2,squared,0.01,100,4,1.37874713343518,2.07505434679641
7-4-3-2,squared,0.01,100,4,1.38357327039093,1.67621067849431
9-6-4-3,squared,0.01,100,4,1.21072701263994,2.02304305323757
10-5-3-2,squared,0.01,100,4,1.64921689008011,2.27042306120397
4-4,huber,0.01,100,4,1.84795039594105,2.52002853670311
5-2,huber,0.01,100,4,1.87761346520865,2.62946462642592
6-3-2,huber,0.01,100,4,1.83488033612084,2.57525020232632
8-4-2,huber,0.01,100,4,1.62366616110934,2.67637121146287
7-4-3-2,huber,0.01,100,4,1.48055229344869,1.96387112978691
9-6-4-3,huber,0.01,100,4,1.60206721136781,2.42893888387901
10-5-3-2,huber,0.01,100,4,1.60304630051843,2.59015204476087
4-4,pseudo-huber,0.01,100,4,1.87937702701475,2.60509268551606
5-2,pseudo-huber,0.01,100,4,1.88531285985321,2.40523907420668
6-3-2,pseudo-huber,0.01,100,4,1.62320233260166,2.25125808902518
8-4-2,pseudo-huber,0.01,100,4,1.52037616261868,2.16206850327839
7-4-3-2,pseudo-huber,0.01,100,4,1.70881970226576,2.54744256061906
9-6-4-3,pseudo-huber,0.01,100,4,1.41699068203071,2.35448471289063
10-5-3-2,pseudo-huber,0.01,100,4,1.19115247002569,1.73329007992351
4-4,absolute,0.03,100,4,1.98325570347189,2.20226947381298
5-2,absolute,0.03,100,4,2.76421517380169,2.6006697042252
6-3-2,absolute,0.03,100,4,3.10565768300941,3.30691775831515
8-4-2,absolute,0.03,100,4,2.3829705515811,2.45350811424323
7-4-3-2,absolute,0.03,100,4,2.333206059983,2.43298947925891
9-6-4-3,absolute,0.03,100,4,2.63226007292644,3.12472898008125
10-5-3-2,absolute,0.03,100,4,2.84839522324675,3.09452701095434
4-4,squared,0.03,100,4,1.34498238707445,1.74153819702095
5-2,squared,0.03,100,4,1.89386629186072,2.16625659749453
6-3-2,squared,0.03,100,4,1.68975258449356,1.98951274916823
8-4-2,squared,0.03,100,4,1.81514208146728,2.08954614676371
7-4-3-2,squared,0.03,100,4,1.08271364671501,1.55756997108326
9-6-4-3,squared,0.03,100,4,2.10945442927181,2.62129498582686
10-5-3-2,squared,0.03,100,4,1.21502800850091,1.73769463174188
4-4,huber,0.03,100,4,1.14455400077034,1.4600367565188
5-2,huber,0.03,100,4,1.04867763830783,1.48796875850705
6-3-2,huber,0.03,100,4,1.40271419133184,2.09303535190753
8-4-2,huber,0.03,100,4,0.961049210842791,1.66360679764912
7-4-3-2,huber,0.03,100,4,1.40951145490901,2.14893308230571
9-6-4-3,huber,0.03,100,4,1.06117043787134,2.09292275822327
10-5-3-2,huber,0.03,100,4,1.19384926618354,2.08987508779177
4-4,pseudo-huber,0.03,100,4,1.66807551092374,2.38509237908443
5-2,pseudo-huber,0.03,100,4,1.36756862049477,1.76017610787967
6-3-2,pseudo-huber,0.03,100,4,1.21366496492378,1.5545680093192
8-4-2,pseudo-huber,0.03,100,4,1.38106038210066,1.96294470987737
7-4-3-2,pseudo-huber,0.03,100,4,0.999824969860744,1.38576950437255
9-6-4-3,pseudo-huber,0.03,100,4,1.71017469298142,3.15785348341481
10-5-3-2,pseudo-huber,0.03,100,4,1.05519421731066,1.68979055651406
4-4,absolute,0.001,250,4,1.73844543852337,2.14728245746701
5-2,absolute,0.001,250,4,1.93299248973385,2.30085808336857
6-3-2,absolute,0.001,250,4,1.17013818365664,1.38108263713281
8-4-2,absolute,0.001,250,4,1.63748446879483,2.2093925805384
7-4-3-2,absolute,0.001,250,4,1.65573684848223,2.31295328398428
9-6-4-3,absolute,0.001,250,4,1.01816648840734,1.64112231103498
10-5-3-2,absolute,0.001,250,4,1.46831999011014,2.34041786640453
4-4,squared,0.001,250,4,1.60442299473458,2.13495122418085
5-2,squared,0.001,250,4,1.89166182697591,2.48195374384221
6-3-2,squared,0.001,250,4,1.77804963427966,2.50359668424393
8-4-2,squared,0.001,250,4,1.54470877349901,2.49257949573619
7-4-3-2,squared,0.001,250,4,1.73794347202036,2.57951983173744
9-6-4-3,squared,0.001,250,4,1.06231822264408,1.37704964386227
10-5-3-2,squared,0.001,250,4,1.87039475456287,2.69716785644921
4-4,huber,0.001,250,4,1.99903920732897,2.38801626905568
5-2,huber,0.001,250,4,1.80706103795383,2.24409800560377
6-3-2,huber,0.001,250,4,1.94407373374703,2.30728618455788
8-4-2,huber,0.001,250,4,1.89683743291178,2.47466118310342
7-4-3-2,huber,0.001,250,4,1.76293765548529,2.56726917417372
9-6-4-3,huber,0.001,250,4,1.90029548291586,2.4178043267432
10-5-3-2,huber,0.001,250,4,1.77808033945106,2.35604140149389
4-4,pseudo-huber,0.001,250,4,1.95057801324699,2.29113170570791
5-2,pseudo-huber,0.001,250,4,2.00715776551338,2.52060551401964
6-3-2,pseudo-huber,0.001,250,4,2.01106098464556,2.29891656475312
8-4-2,pseudo-huber,0.001,250,4,1.8079605384766,2.31973510328286
7-4-3-2,pseudo-huber,0.001,250,4,1.93656936753349,2.33073886619285
9-6-4-3,pseudo-huber,0.001,250,4,1.94042246085741,2.52100253882486
10-5-3-2,pseudo-huber,0.001,250,4,1.20691057436314,1.75248180183956
4-4,absolute,0.003,250,4,1.51064869391094,1.9077182564944
5-2,absolute,0.003,250,4,1.67730844874762,2.3469805773247
6-3-2,absolute,0.003,250,4,1.1576655814073,1.90259994352237
8-4-2,absolute,0.003,250,4,1.36451051851048,2.2242169014645
7-4-3-2,absolute,0.003,250,4,1.42851812175943,1.76434765038024
9-6-4-3,absolute,0.003,250,4,1.10266972339157,1.71022361179554
10-5-3-2,absolute,0.003,250,4,0.787007649091078,1.32240561654454
4-4,squared,0.003,250,4,1.61542928295814,2.3344710413203
5-2,squared,0.003,250,4,0.993478627699056,1.28246056240754
6-3-2,squared,0.003,250,4,1.48787567551167,2.57874951761099
8-4-2,squared,0.003,250,4,0.878026703597589,1.10154515733193
7-4-3-2,squared,0.003,250,4,0.747663652490426,1.45178824375512
9-6-4-3,squared,0.003,250,4,0.895036213284584,1.72732754051982
10-5-3-2,squared,0.003,250,4,0.849542423736533,1.50013384124695
4-4,huber,0.003,250,4,1.27738468167749,1.50622294706128
5-2,huber,0.003,250,4,1.90094482614437,2.38348227815545
6-3-2,huber,0.003,250,4,1.7770370248725,2.51885547901336
8-4-2,huber,0.003,250,4,1.6925495470919,2.4655642072929
7-4-3-2,huber,0.003,250,4,1.63190622577619,2.73317990695659
9-6-4-3,huber,0.003,250,4,1.58417226993614,3.07680566320129
10-5-3-2,huber,0.003,250,4,1.74568069214376,3.30034212352399
4-4,pseudo-huber,0.003,250,4,1.7439829966386,2.27126715351384
5-2,pseudo-huber,0.003,250,4,1.96142589558939,2.49071794406624
6-3-2,pseudo-huber,0.003,250,4,1.29378405516201,1.84957472934935
8-4-2,pseudo-huber,0.003,250,4,1.61763995158753,2.56197463154937
7-4-3-2,pseudo-huber,0.003,250,4,1.72776961527615,2.80165397199377
9-6-4-3,pseudo-huber,0.003,250,4,1.10150387348992,1.72541074567696
10-5-3-2,pseudo-huber,0.003,250,4,1.47731756338204,2.5174601924817
4-4,absolute,0.01,250,4,1.86427737909436,2.70236365933066
5-2,absolute,0.01,250,4,1.60649244218938,1.87561684871696
6-3-2,absolute,0.01,250,4,0.948266813424114,1.35848934993045
8-4-2,absolute,0.01,250,4,1.02672659847259,1.48252532858763
7-4-3-2,absolute,0.01,250,4,1.66588221724423,2.17745065304952
9-6-4-3,absolute,0.01,250,4,1.15267213487167,1.65019947779218
10-5-3-2,absolute,0.01,250,4,1.40362154636045,2.16665176450088
4-4,squared,0.01,250,4,2.00299012169409,2.53863485529734
5-2,squared,0.01,250,4,0.968498979925461,1.25791141634144
6-3-2,squared,0.01,250,4,0.867318131521206,1.24944545818679
8-4-2,squared,0.01,250,4,0.850064858050435,1.28224919848332
7-4-3-2,squared,0.01,250,4,1.53475629632592,3.25699023843199
9-6-4-3,squared,0.01,250,4,0.988799439951418,2.03177749360985
10-5-3-2,squared,0.01,250,4,0.614043147761529,1.09678370887039
4-4,huber,0.01,250,4,1.34303893047393,1.76594984308986
5-2,huber,0.01,250,4,1.63888532931606,2.41942406658709
6-3-2,huber,0.01,250,4,0.768098473001114,1.12956724483042
8-4-2,huber,0.01,250,4,1.13132768211191,2.18402184365421
7-4-3-2,huber,0.01,250,4,1.44708561425203,2.56848539061947
9-6-4-3,huber,0.01,250,4,1.3459258896389,3.04722511230388
10-5-3-2,huber,0.01,250,4,0.562209260908364,1.04683462875921
4-4,pseudo-huber,0.01,250,4,1.74372121726273,2.8068995584093
5-2,pseudo-huber,0.01,250,4,1.05976313438231,1.48360248645098
6-3-2,pseudo-huber,0.01,250,4,1.09161470438564,1.67263798703571
8-4-2,pseudo-huber,0.01,250,4,0.791772414864503,1.294798563833
7-4-3-2,pseudo-huber,0.01,250,4,0.833593583983879,1.33234616733552
9-6-4-3,pseudo-huber,0.01,250,4,0.594605915281122,1.24450137820994
10-5-3-2,pseudo-huber,0.01,250,4,0.778651685061296,1.47599385832958
4-4,absolute,0.03,250,4,4.82349579113561,5.061280059467
5-2,absolute,0.03,250,4,2.58097141201259,2.71257519539331
6-3-2,absolute,0.03,250,4,2.04376620839171,2.59703734437837
8-4-2,absolute,0.03,250,4,2.47121813730451,2.88232847320518
7-4-3-2,absolute,0.03,250,4,1.98159841908844,2.68420590021393
9-6-4-3,absolute,0.03,250,4,5.00508697901008,4.80897157590209
10-5-3-2,absolute,0.03,250,4,1.75931692560506,2.58164340228781
4-4,squared,0.03,250,4,2.48794609314606,2.51184614158961
5-2,squared,0.03,250,4,1.52072700594099,1.78598538229094
6-3-2,squared,0.03,250,4,1.2198540931296,1.63090909909725
8-4-2,squared,0.03,250,4,0.922902338354519,1.17104236313707
7-4-3-2,squared,0.03,250,4,1.45239233757787,1.8477274543833
9-6-4-3,squared,0.03,250,4,0.986782383922091,1.80455796636516
10-5-3-2,squared,0.03,250,4,0.901196782673904,1.60421840122678
4-4,huber,0.03,250,4,1.51405466204502,2.30872047192867
5-2,huber,0.03,250,4,1.17951930692321,1.69572690001317
6-3-2,huber,0.03,250,4,1.36603716386335,2.24719228970744
8-4-2,huber,0.03,250,4,0.59393800410251,1.02261533852167
7-4-3-2,huber,0.03,250,4,0.984441759439034,1.59739817898945
9-6-4-3,huber,0.03,250,4,0.87246278270332,1.28548976295392
10-5-3-2,huber,0.03,250,4,0.845760651650377,1.39002397604857
4-4,pseudo-huber,0.03,250,4,1.25692232265456,1.73257706791515
5-2,pseudo-huber,0.03,250,4,1.74406573382961,2.58248604022695
6-3-2,pseudo-huber,0.03,250,4,0.912798776480747,1.51418013960313
8-4-2,pseudo-huber,0.03,250,4,0.615295596244103,1.1649272640621
7-4-3-2,pseudo-huber,0.03,250,4,0.852712501337194,1.52977509967055
9-6-4-3,pseudo-huber,0.03,250,4,0.779796975148185,2.03117577341575
10-5-3-2,pseudo-huber,0.03,250,4,0.861182204926619,1.78275450988976
4-4,absolute,0.001,500,4,1.5936000343661,2.14856253201164
5-2,absolute,0.001,500,4,1.69484198590148,2.25465072679566
6-3-2,absolute,0.001,500,4,1.55707868540038,2.32224146633715
8-4-2,absolute,0.001,500,4,1.08883082214298,1.93240473710549
7-4-3-2,absolute,0.001,500,4,1.37609979848452,2.42086580306536
9-6-4-3,absolute,0.001,500,4,1.23859697791822,1.92597157414774
10-5-3-2,absolute,0.001,500,4,1.06438296052992,1.84629490118584
4-4,squared,0.001,500,4,0.880318965349235,1.26463558853525
5-2,squared,0.001,500,4,1.78997502363528,2.40891050566961
6-3-2,squared,0.001,500,4,1.26663239671682,2.04329800229376
8-4-2,squared,0.001,500,4,1.28248823559285,1.87926415573185
7-4-3-2,squared,0.001,500,4,1.33609356288402,2.36758583315672
9-6-4-3,squared,0.001,500,4,0.674756612483679,1.04455184570755
10-5-3-2,squared,0.001,500,4,1.41304258138378,2.62749323943276
4-4,huber,0.001,500,4,1.79488257437957,2.3231256400004
5-2,huber,0.001,500,4,1.92501872916845,2.39817522546781
6-3-2,huber,0.001,500,4,1.76780502989607,2.43983735003014
8-4-2,huber,0.001,500,4,1.80488130250308,2.6212578861503
7-4-3-2,huber,0.001,500,4,1.64266199727768,2.47878851834732
9-6-4-3,huber,0.001,500,4,1.42228338120826,2.3258676914613
10-5-3-2,huber,0.001,500,4,1.24431537100762,2.1514462941976
4-4,pseudo-huber,0.001,500,4,1.97665835751831,2.58567109121468
5-2,pseudo-huber,0.001,500,4,2.03432780667814,2.47086618290929
6-3-2,pseudo-huber,0.001,500,4,1.74957830778791,2.46804121753859
8-4-2,pseudo-huber,0.001,500,4,1.63823395454715,2.40473181607597
7-4-3-2,pseudo-huber,0.001,500,4,1.76680031251568,2.45778474188239
9-6-4-3,pseudo-huber,0.001,500,4,1.22140838418103,1.86290454191705
10-5-3-2,pseudo-huber,0.001,500,4,1.71987921107772,2.74104657744495
4-4,absolute,0.003,500,4,1.36639841233942,1.80133175491698
5-2,absolute,0.003,500,4,0.981969662493457,1.2650642195255
6-3-2,absolute,0.003,500,4,1.34549607319042,2.29246345272143
8-4-2,absolute,0.003,500,4,1.20588294703374,2.32472778878773
7-4-3-2,absolute,0.003,500,4,0.719553315150546,1.45301508793951
9-6-4-3,absolute,0.003,500,4,0.825948645862604,1.28881148477138
10-5-3-2,absolute,0.003,500,4,1.18621312415263,2.45823618376602
4-4,squared,0.003,500,4,1.72043328609479,2.46352152438254
5-2,squared,0.003,500,4,1.4575306028556,2.17848479387095
6-3-2,squared,0.003,500,4,0.949442326429907,1.42156806586666
8-4-2,squared,0.003,500,4,0.612157134271613,1.10443844265889
7-4-3-2,squared,0.003,500,4,1.49772530322882,2.82557956312043
9-6-4-3,squared,0.003,500,4,0.77162387721881,1.99070181574732
10-5-3-2,squared,0.003,500,4,0.495795191535445,0.966981777919455
4-4,huber,0.003,500,4,0.956149113766881,1.19836726030203
5-2,huber,0.003,500,4,1.38528482939255,1.7979013538867
6-3-2,huber,0.003,500,4,1.37253412013113,2.31326488971699
8-4-2,huber,0.003,500,4,1.45153024458149,2.64674009442447
7-4-3-2,huber,0.003,500,4,1.41447388872173,2.38242242720477
9-6-4-3,huber,0.003,500,4,0.459718656831788,0.995968237638036
10-5-3-2,huber,0.003,500,4,0.649130444480654,1.29238055653805
4-4,pseudo-huber,0.003,500,4,1.70014509460761,2.42439648642775
5-2,pseudo-huber,0.003,500,4,1.64132934875148,2.485275436027
6-3-2,pseudo-huber,0.003,500,4,0.902009237503196,1.27308155954434
8-4-2,pseudo-huber,0.003,500,4,1.17421398532826,2.12638743851291
7-4-3-2,pseudo-huber,0.003,500,4,1.13077994202093,2.14064224297088
9-6-4-3,pseudo-huber,0.003,500,4,1.22746006973999,2.64100044909481
10-5-3-2,pseudo-huber,0.003,500,4,0.637815624472856,1.18454547439978
4-4,absolute,0.01,500,4,1.32926599159044,1.68350423254974
5-2,absolute,0.01,500,4,1.4531252910067,2.01430495978534
6-3-2,absolute,0.01,500,4,1.45792911276638,1.97497538210284
8-4-2,absolute,0.01,500,4,1.01856059864512,1.8154387333114
7-4-3-2,absolute,0.01,500,4,1.04428436041464,1.46937350776835
9-6-4-3,absolute,0.01,500,4,0.871789273418162,1.37680570882657
10-5-3-2,absolute,0.01,500,4,1.44941740131412,1.7139222930589
4-4,squared,0.01,500,4,1.229783449095,1.53801085253146
5-2,squared,0.01,500,4,1.0053458693215,1.40388258988531
6-3-2,squared,0.01,500,4,0.997551880626319,1.58223649050583
8-4-2,squared,0.01,500,4,0.630296438627343,1.12698082557086
7-4-3-2,squared,0.01,500,4,0.702288757710078,1.27547074466756
9-6-4-3,squared,0.01,500,4,0.420769783732794,1.03574021189266
10-5-3-2,squared,0.01,500,4,0.726264484738121,2.05708364652838
4-4,huber,0.01,500,4,1.03421167197456,1.51977568950018
5-2,huber,0.01,500,4,1.44813628626392,2.5572970839571
6-3-2,huber,0.01,500,4,1.06383354860699,1.7881502859748
8-4-2,huber,0.01,500,4,0.681534901697202,1.21468963851081
7-4-3-2,huber,0.01,500,4,0.560634504350193,0.880836659876574
9-6-4-3,huber,0.01,500,4,0.414247410304505,0.859651700578248
10-5-3-2,huber,0.01,500,4,1.12508655890395,3.15459234998293
4-4,pseudo-huber,0.01,500,4,1.12848313502881,1.42276876262522
5-2,pseudo-huber,0.01,500,4,1.4350295017156,2.22990855848411
6-3-2,pseudo-huber,0.01,500,4,0.789373534208474,1.17196038129671
8-4-2,pseudo-huber,0.01,500,4,0.713390200190259,1.26766703584079
7-4-3-2,pseudo-huber,0.01,500,4,0.516676945898023,0.899226619700993
9-6-4-3,pseudo-huber,0.01,500,4,0.386777100285449,0.8347741010269
10-5-3-2,pseudo-huber,0.01,500,4,0.750036610483111,1.8646705799526
4-4,absolute,0.03,500,4,3.19998359447584,3.4662799959045
5-2,absolute,0.03,500,4,2.60370122509839,2.5418846481653
6-3-2,absolute,0.03,500,4,2.95213945691661,3.16575509382265
8-4-2,absolute,0.03,500,4,4.55982296537351,4.20312285747126
7-4-3-2,absolute,0.03,500,4,2.66452486713427,2.83644488492104
9-6-4-3,absolute,0.03,500,4,3.95703494471695,3.9357385665397
10-5-3-2,absolute,0.03,500,4,2.91618326729817,3.03387994968261
4-4,squared,0.03,500,4,1.60326876248826,1.96732331594197
5-2,squared,0.03,500,4,1.2589553330624,1.54464347659834
6-3-2,squared,0.03,500,4,1.28396860683408,1.65250494786903
8-4-2,squared,0.03,500,4,0.939569448286219,1.40134221463376
7-4-3-2,squared,0.03,500,4,1.01826048521069,1.70588576651204
9-6-4-3,squared,0.03,500,4,0.917211121716657,2.02196506548806
10-5-3-2,squared,0.03,500,4,1.30524339300482,2.5543982194198
4-4,huber,0.03,500,4,1.69156230577244,2.54000729407578
5-2,huber,0.03,500,4,1.70881165281555,2.49576785134769
6-3-2,huber,0.03,500,4,1.44958488823208,1.95417313257186
8-4-2,huber,0.03,500,4,1.35276575345567,2.98635046972823
7-4-3-2,huber,0.03,500,4,0.996384604615174,1.78627909653172
9-6-4-3,huber,0.03,500,4,0.507423342666472,1.09523813129706
10-5-3-2,huber,0.03,500,4,0.752353364833019,1.74905047421617
4-4,pseudo-huber,0.03,500,4,0.911376158690723,1.20527963494929
5-2,pseudo-huber,0.03,500,4,1.06576880023463,1.23674719322303
6-3-2,pseudo-huber,0.03,500,4,0.994582099709064,1.2494020900047
8-4-2,pseudo-huber,0.03,500,4,0.493756160882859,0.916776884670201
7-4-3-2,pseudo-huber,0.03,500,4,0.757684142632777,1.33547804149956
9-6-4-3,pseudo-huber,0.03,500,4,0.401219925448425,0.951923038857545
10-5-3-2,pseudo-huber,0.03,500,4,0.691592518323391,1.76325723300913
4-4,absolute,0.001,100,8,1.86531851264832,2.22710860117509
5-2,absolute,0.001,100,8,1.85550535245069,2.19089498476308
6-3-2,absolute,0.001,100,8,1.9750470748371,2.36019502428234
8-4-2,absolute,0.001,100,8,1.85229749174578,2.24144014919011
7-4-3-2,absolute,0.001,100,8,1.97866691892351,2.59406772526254
9-6-4-3,absolute,0.001,100,8,1.84769901809266,2.34239742611155
10-5-3-2,absolute,0.001,100,8,1.87538948595561,2.31121325296689
4-4,squared,0.001,100,8,2.09420356691927,2.37574693252151
5-2,squared,0.001,100,8,2.09464345423011,2.40472318265488
6-3-2,squared,0.001,100,8,2.05304796285385,2.42832484287281
8-4-2,squared,0.001,100,8,1.96298830823104,2.34031033987316
7-4-3-2,squared,0.001,100,8,2.05666046711757,2.44144364317031
9-6-4-3,squared,0.001,100,8,2.06958652708635,2.45640442813383
10-5-3-2,squared,0.001,100,8,2.05851023887099,2.41341313791567
4-4,huber,0.001,100,8,2.17024462174167,2.37036303084134
5-2,huber,0.001,100,8,2.1757776646499,2.39836304039419
6-3-2,huber,0.001,100,8,2.30076528079903,2.40995423294096
8-4-2,huber,0.001,100,8,2.11742782047392,2.44157471760125
7-4-3-2,huber,0.001,100,8,2.09377269760323,2.30707887013231
9-6-4-3,huber,0.001,100,8,2.15226368990023,2.42867708711252
10-5-3-2,huber,0.001,100,8,2.09348211109676,2.38581094229111
4-4,pseudo-huber,0.001,100,8,2.30282499698599,2.41519611441475
5-2,pseudo-huber,0.001,100,8,2.20406407636058,2.36608619459393
6-3-2,pseudo-huber,0.001,100,8,2.33770366413713,2.42273584568734
8-4-2,pseudo-huber,0.001,100,8,2.18451103821032,2.32205426678023
7-4-3-2,pseudo-huber,0.001,100,8,2.10177670701658,2.46163724409961
9-6-4-3,pseudo-huber,0.001,100,8,2.0281889793381,2.51359510622983
10-5-3-2,pseudo-huber,0.001,100,8,2.38888102470032,2.60153629459809
4-4,absolute,0.003,100,8,1.78673173518076,2.15934924247813
5-2,absolute,0.003,100,8,1.8263763554344,2.1419752599408
6-3-2,absolute,0.003,100,8,1.83069459276992,2.25809119726984
8-4-2,absolute,0.003,100,8,1.76043468582596,2.19100022604859
7-4-3-2,absolute,0.003,100,8,1.74339659608053,2.24662102441395
9-6-4-3,absolute,0.003,100,8,1.58684461727797,2.29899497831543
10-5-3-2,absolute,0.003,100,8,1.68220457779926,2.32088300093004
4-4,squared,0.003,100,8,1.96008965828755,2.61503641129403
5-2,squared,0.003,100,8,1.87479818492832,2.48390834711067
6-3-2,squared,0.003,100,8,1.98583655976547,2.4590600634508
8-4-2,squared,0.003,100,8,1.8702519044815,2.47406385028911
7-4-3-2,squared,0.003,100,8,1.84362609517492,2.51233398534458
9-6-4-3,squared,0.003,100,8,1.62532257557446,2.45363680181838
10-5-3-2,squared,0.003,100,8,1.83673512051903,2.5897369195347
4-4,huber,0.003,100,8,2.07292040987645,2.25189076554156
5-2,huber,0.003,100,8,1.94474586878975,2.28365751751987
6-3-2,huber,0.003,100,8,2.02447091331516,2.33760679085449
8-4-2,huber,0.003,100,8,1.90973382699698,2.34323612900803
7-4-3-2,huber,0.003,100,8,2.0120904879333,2.36562361949544
9-6-4-3,huber,0.003,100,8,1.80544332841641,2.45205070127192
10-5-3-2,huber,0.003,100,8,1.91765703700938,2.44950430384244
4-4,pseudo-huber,0.003,100,8,1.95792497854467,2.31560261058825
5-2,pseudo-huber,0.003,100,8,1.98118814967673,2.32783954888326
6-3-2,pseudo-huber,0.003,100,8,1.97105898994887,2.38658434443323
8-4-2,pseudo-huber,0.003,100,8,1.97996965053515,2.50254603082892
7-4-3-2,pseudo-huber,0.003,100,8,2.04876048156198,2.26454787142706
9-6-4-3,pseudo-huber,0.003,100,8,1.87504066178077,2.47964991584
10-5-3-2,pseudo-huber,0.003,100,8,2.01328917667469,2.67328039875074
4-4,absolute,0.01,100,8,1.89269682338811,2.40978273976024
5-2,absolute,0.01,100,8,2.01459661122191,2.37067593935905
6-3-2,absolute,0.01,100,8,1.86179752854391,2.57623611698074
8-4-2,absolute,0.01,100,8,1.17114135571113,1.49586016117152
7-4-3-2,absolute,0.01,100,8,1.72875453242669,2.04236960414969
9-6-4-3,absolute,0.01,100,8,1.57555366118204,2.4456023495458
10-5-3-2,absolute,0.01,100,8,1.45241835462359,2.19496871586406
4-4,squared,0.01,100,8,1.56360431668617,1.9740597542535
5-2,squared,0.01,100,8,1.98256413530913,2.51110086473017
6-3-2,squared,0.01,100,8,1.69992610048945,2.3480215463099
8-4-2,squared,0.01,100,8,1.62132692248929,2.74046407119879
7-4-3-2,squared,0.01,100,8,1.34500437502483,2.2982145856368
9-6-4-3,squared,0.01,100,8,1.81450648317996,3.09182081458315
10-5-3-2,squared,0.01,100,8,1.51462913607596,2.4370546463894
4-4,huber,0.01,100,8,1.6993366007782,2.4584169222132
5-2,huber,0.01,100,8,2.09851709035028,2.57796119256077
6-3-2,huber,0.01,100,8,1.81028176170948,2.43308481813729
8-4-2,huber,0.01,100,8,1.76873768434231,2.51084670700917
7-4-3-2,huber,0.01,100,8,1.84174464714248,2.54050077001592
9-6-4-3,huber,0.01,100,8,1.08863803105318,1.77742789872938
10-5-3-2,huber,0.01,100,8,1.57346674234755,2.31091129108604
4-4,pseudo-huber,0.01,100,8,1.72403974121507,2.25532683532872
5-2,pseudo-huber,0.01,100,8,1.79495800510436,2.15718977786833
6-3-2,pseudo-huber,0.01,100,8,1.72549977670177,2.48635446946936
8-4-2,pseudo-huber,0.01,100,8,2.05791001097868,2.67933045205506
7-4-3-2,pseudo-huber,0.01,100,8,1.70694362243105,2.42688500944529
9-6-4-3,pseudo-huber,0.01,100,8,1.71086613867107,2.51748679818697
10-5-3-2,pseudo-huber,0.01,100,8,1.93654106079156,2.61061642846091
4-4,absolute,0.03,100,8,2.37169831368855,3.12505241398262
5-2,absolute,0.03,100,8,1.52260645688158,1.88157635471295
6-3-2,absolute,0.03,100,8,1.36149564773857,1.61720091794381
8-4-2,absolute,0.03,100,8,2.01187291496833,2.85386699949292
7-4-3-2,absolute,0.03,100,8,2.30367973641457,3.07576454011911
9-6-4-3,absolute,0.03,100,8,1.91601928116196,2.5760102069032
10-5-3-2,absolute,0.03,100,8,1.89928077833675,2.28751587746161
4-4,squared,0.03,100,8,2.35117089511808,2.6604784467133
5-2,squared,0.03,100,8,1.56475583285596,1.89165626720046
6-3-2,squared,0.03,100,8,1.02741709209206,1.58179316063164
8-4-2,squared,0.03,100,8,1.64726859668655,2.35504393084023
7-4-3-2,squared,0.03,100,8,0.992294475420882,1.69294517638253
9-6-4-3,squared,0.03,100,8,0.686834322013338,1.39482138830985
10-5-3-2,squared,0.03,100,8,1.02167949761175,1.85867930382014
4-4,huber,0.03,100,8,1.40540849442204,1.92393066700293
5-2,huber,0.03,100,8,1.31773820612644,1.84527708975961
6-3-2,huber,0.03,100,8,1.89904904840731,2.92659520135095
8-4-2,huber,0.03,100,8,0.822000052506946,1.38206513733893
7-4-3-2,huber,0.03,100,8,1.36349171007247,2.04672498069202
9-6-4-3,huber,0.03,100,8,0.853600582352869,1.31162878942084
10-5-3-2,huber,0.03,100,8,1.1735852070041,2.07851718714554
4-4,pseudo-huber,0.03,100,8,1.31855815005853,1.558951129572
5-2,pseudo-huber,0.03,100,8,1.65942032304595,2.12753217698467
6-3-2,pseudo-huber,0.03,100,8,1.34394114743429,1.83104487096532
8-4-2,pseudo-huber,0.03,100,8,1.21304864247304,1.74293818657505
7-4-3-2,pseudo-huber,0.03,100,8,1.44247404720373,2.09987083943827
9-6-4-3,pseudo-huber,0.03,100,8,0.918843448536118,1.38336124946427
10-5-3-2,pseudo-huber,0.03,100,8,1.04818314027531,1.76389322055733
4-4,absolute,0.001,250,8,1.81210588486933,2.11972392757536
5-2,absolute,0.001,250,8,1.71602945348218,2.1531533713455
6-3-2,absolute,0.001,250,8,1.7763208743331,2.26753305948078
8-4-2,absolute,0.001,250,8,1.77293124855603,2.19776265067256
7-4-3-2,absolute,0.001,250,8,1.52315587892167,2.19413444366774
9-6-4-3,absolute,0.001,250,8,1.73372571974841,2.34226432894505
10-5-3-2,absolute,0.001,250,8,1.5190193077285,2.2490158449216
4-4,squared,0.001,250,8,2.03287994065547,2.38376148426465
5-2,squared,0.001,250,8,2.01995434582797,2.50218412945603
6-3-2,squared,0.001,250,8,1.98191335607305,2.30433348210323
8-4-2,squared,0.001,250,8,1.91162720955835,2.40049575546261
7-4-3-2,squared,0.001,250,8,1.98713736697877,2.82455677933984
9-6-4-3,squared,0.001,250,8,1.51757232261241,2.14850898724522
10-5-3-2,squared,0.001,250,8,1.79017966974024,2.49456356995863
4-4,huber,0.001,250,8,2.06377347764304,2.29287862627334
5-2,huber,0.001,250,8,2.05783139012298,2.42217921278966
6-3-2,huber,0.001,250,8,2.07134946581158,2.4486594884264
8-4-2,huber,0.001,250,8,1.91326248805257,2.29975940845729
7-4-3-2,huber,0.001,250,8,2.04742842198629,2.39493371955219
9-6-4-3,huber,0.001,250,8,1.72738119967832,2.54844993023125
10-5-3-2,huber,0.001,250,8,1.91892867953306,2.4819215631651
4-4,pseudo-huber,0.001,250,8,2.02685394698698,2.34250583191687
5-2,pseudo-huber,0.001,250,8,1.96718312567804,2.41174755299651
6-3-2,pseudo-huber,0.001,250,8,1.95572318440672,2.34943630903642
8-4-2,pseudo-huber,0.001,250,8,1.9978648764031,2.43545240569021
7-4-3-2,pseudo-huber,0.001,250,8,1.86245828504022,2.39898354047997
9-6-4-3,pseudo-huber,0.001,250,8,1.9433513610208,2.43900967495948
10-5-3-2,pseudo-huber,0.001,250,8,1.93382632944566,2.34102571024955
4-4,absolute,0.003,250,8,1.8557583909011,2.4922241646672
5-2,absolute,0.003,250,8,1.76154031992844,2.34842731522182
6-3-2,absolute,0.003,250,8,1.67036825725939,2.35125121014286
8-4-2,absolute,0.003,250,8,1.5893604699276,2.42732735855315
7-4-3-2,absolute,0.003,250,8,1.46169017404503,2.28569385814628
9-6-4-3,absolute,0.003,250,8,0.912927572922193,1.57818369085382
10-5-3-2,absolute,0.003,250,8,1.307162022304,2.35412402461261
4-4,squared,0.003,250,8,1.83045589585129,2.45282510079441
5-2,squared,0.003,250,8,1.72041925201461,2.44341072855856
6-3-2,squared,0.003,250,8,1.20144011778247,1.62883787050999
8-4-2,squared,0.003,250,8,1.57621589416741,2.43811147165004
7-4-3-2,squared,0.003,250,8,0.973583948549109,1.32846173922756
9-6-4-3,squared,0.003,250,8,0.764507902270665,1.11949626167972
10-5-3-2,squared,0.003,250,8,1.53491489447849,2.90568958501416
4-4,huber,0.003,250,8,1.75208171745812,2.41719031004331
5-2,huber,0.003,250,8,1.95932522074277,2.42059195008309
6-3-2,huber,0.003,250,8,1.65209756060015,2.15728841178122
8-4-2,huber,0.003,250,8,1.33827205220642,2.04805747248238
7-4-3-2,huber,0.003,250,8,1.69831468524538,2.61364237844093
9-6-4-3,huber,0.003,250,8,1.33716828359959,2.32483366515855
10-5-3-2,huber,0.003,250,8,1.59882882336932,2.3090276499917
4-4,pseudo-huber,0.003,250,8,1.83075674780351,2.28643537449646
5-2,pseudo-huber,0.003,250,8,1.90426183339041,2.29942831397942
6-3-2,pseudo-huber,0.003,250,8,1.90932414008036,2.28851748448309
8-4-2,pseudo-huber,0.003,250,8,1.67429477226392,2.43909952636055
7-4-3-2,pseudo-huber,0.003,250,8,1.82360193612926,2.45547103732907
9-6-4-3,pseudo-huber,0.003,250,8,1.67780876712101,2.35529831683186
10-5-3-2,pseudo-huber,0.003,250,8,1.64732043191904,2.55427056386635
4-4,absolute,0.01,250,8,1.52702719864785,2.42478487468698
5-2,absolute,0.01,250,8,1.54115884479835,2.07073654150873
6-3-2,absolute,0.01,250,8,1.30437684942851,1.9244026342687
8-4-2,absolute,0.01,250,8,1.46585952600786,2.56614811118075
7-4-3-2,absolute,0.01,250,8,1.61426001137812,2.68772826591943
9-6-4-3,absolute,0.01,250,8,0.779826576367103,1.38709872039966
10-5-3-2,absolute,0.01,250,8,1.45528479123398,2.14136254933864
4-4,squared,0.01,250,8,1.64088496413108,2.62941856523389
5-2,squared,0.01,250,8,1.39455940998609,2.06931665371344
6-3-2,squared,0.01,250,8,1.22357131899198,2.27822635801505
8-4-2,squared,0.01,250,8,0.980105287845797,1.53634952581934
7-4-3-2,squared,0.01,250,8,0.832589340106509,1.33974419874864
9-6-4-3,squared,0.01,250,8,0.443002988229122,0.985322232022416
10-5-3-2,squared,0.01,250,8,0.860921595800259,1.32877117901985
4-4,huber,0.01,250,8,1.30242581883503,1.68312296386063
5-2,huber,0.01,250,8,1.64856163614998,2.30419308225312
6-3-2,huber,0.01,250,8,1.73019022946674,2.61064009667175
8-4-2,huber,0.01,250,8,1.61633562024863,2.6795688382406
7-4-3-2,huber,0.01,250,8,1.0982134263057,1.60325304745115
9-6-4-3,huber,0.01,250,8,0.760632723597741,1.25513546655319
10-5-3-2,huber,0.01,250,8,1.25041180127138,2.49759007046072
4-4,pseudo-huber,0.01,250,8,1.05451227088149,1.49268920737504
5-2,pseudo-huber,0.01,250,8,1.57658581357605,2.20232408023934
6-3-2,pseudo-huber,0.01,250,8,1.58014286469298,2.53447907191338
8-4-2,pseudo-huber,0.01,250,8,1.40471725946416,2.41795424977025
7-4-3-2,pseudo-huber,0.01,250,8,1.74352805762648,2.90130178791328
9-6-4-3,pseudo-huber,0.01,250,8,1.28061455065673,2.70757270093247
10-5-3-2,pseudo-huber,0.01,250,8,0.742222277979946,1.27133403946576
4-4,absolute,0.03,250,8,1.31480956767636,1.62793216816039
5-2,absolute,0.03,250,8,2.08870479993768,2.3922114930521
6-3-2,absolute,0.03,250,8,2.19002108653936,2.38013246740336
8-4-2,absolute,0.03,250,8,2.57414565101972,3.05552785490658
7-4-3-2,absolute,0.03,250,8,1.31451435645329,1.72690142003197
9-6-4-3,absolute,0.03,250,8,1.71680521942115,2.71117567282048
10-5-3-2,absolute,0.03,250,8,1.43885244227231,2.975272871283
4-4,squared,0.03,250,8,1.53954255521581,2.01718999102737
5-2,squared,0.03,250,8,1.07584077823876,1.33211385582196
6-3-2,squared,0.03,250,8,1.2775881247759,1.62562533612126
8-4-2,squared,0.03,250,8,0.849378291753759,1.66418410318533
7-4-3-2,squared,0.03,250,8,0.73924865940096,1.09172445214024
9-6-4-3,squared,0.03,250,8,0.647565624463702,1.17665395792092
10-5-3-2,squared,0.03,250,8,0.873125704435564,1.44700369366537
4-4,huber,0.03,250,8,1.28661033819067,1.70799621050573
5-2,huber,0.03,250,8,1.15144705890946,1.34358948434456
6-3-2,huber,0.03,250,8,0.952390520058298,1.42203274783808
8-4-2,huber,0.03,250,8,0.736776870619203,1.22951092116694
7-4-3-2,huber,0.03,250,8,0.631582418243315,1.09836956540909
9-6-4-3,huber,0.03,250,8,0.612672847338082,1.22303342746843
10-5-3-2,huber,0.03,250,8,0.590396648696742,1.19241005634998
4-4,pseudo-huber,0.03,250,8,0.842791027121598,1.17939355471041
5-2,pseudo-huber,0.03,250,8,1.58665240476672,2.66857226848186
6-3-2,pseudo-huber,0.03,250,8,1.74824396495093,2.66610334947749
8-4-2,pseudo-huber,0.03,250,8,1.14616239703927,2.35406435275601
7-4-3-2,pseudo-huber,0.03,250,8,0.876093330703505,1.39304092270746
9-6-4-3,pseudo-huber,0.03,250,8,0.578206401373411,1.22011398539774
10-5-3-2,pseudo-huber,0.03,250,8,0.616923500268735,0.993355502473823
4-4,absolute,0.001,500,8,1.72157797644334,2.194546329715
5-2,absolute,0.001,500,8,1.5822883182947,2.22504257293724
6-3-2,absolute,0.001,500,8,1.81898699078372,2.20645513901235
8-4-2,absolute,0.001,500,8,1.49697609173728,2.32653539146506
7-4-3-2,absolute,0.001,500,8,1.51358626313561,2.46649672963745
9-6-4-3,absolute,0.001,500,8,1.33663155844776,2.26700561046215
10-5-3-2,absolute,0.001,500,8,1.34884562802032,2.16671084460526
4-4,squared,0.001,500,8,1.6370979582592,2.28220673713723
5-2,squared,0.001,500,8,1.84272694464494,2.3727666692062
6-3-2,squared,0.001,500,8,1.67938058938334,2.31348375036165
8-4-2,squared,0.001,500,8,1.61172947167603,2.4571217620813
7-4-3-2,squared,0.001,500,8,1.52618287766838,2.11369701873202
9-6-4-3,squared,0.001,500,8,1.17483180213252,2.12157472014199
10-5-3-2,squared,0.001,500,8,1.49875728892416,2.70070844026159
4-4,huber,0.001,500,8,1.86847461831522,2.42189480940322
5-2,huber,0.001,500,8,1.94809559128642,2.3647450048199
6-3-2,huber,0.001,500,8,1.81710223425,2.49592927602139
8-4-2,huber,0.001,500,8,1.81089141021916,2.32459986097418
7-4-3-2,huber,0.001,500,8,1.79066974186624,2.4376237460376
9-6-4-3,huber,0.001,500,8,1.46940126628988,2.41974368008972
10-5-3-2,huber,0.001,500,8,1.80737504674258,2.51103746201964
4-4,pseudo-huber,0.001,500,8,1.81021543016675,2.38388084603434
5-2,pseudo-huber,0.001,500,8,1.79210001407094,2.38159192665966
6-3-2,pseudo-huber,0.001,500,8,1.83630286213448,2.32939918942686
8-4-2,pseudo-huber,0.001,500,8,1.80437959964537,2.30052843897904
7-4-3-2,pseudo-huber,0.001,500,8,1.67636479660758,2.60050629809858
9-6-4-3,pseudo-huber,0.001,500,8,1.58939363728324,2.12034012255418
10-5-3-2,pseudo-huber,0.001,500,8,1.87830815450489,2.46192526903419
4-4,absolute,0.003,500,8,1.533417416966,2.19807127132945
5-2,absolute,0.003,500,8,1.49150959977948,2.26089428064139
6-3-2,absolute,0.003,500,8,1.40654628252662,2.34968449989821
8-4-2,absolute,0.003,500,8,1.4169294132903,2.12901793732442
7-4-3-2,absolute,0.003,500,8,0.684884085782388,1.32490173490366
9-6-4-3,absolute,0.003,500,8,0.512776072452713,1.15879964486794
10-5-3-2,absolute,0.003,500,8,1.08073255070659,2.47027496236853
4-4,squared,0.003,500,8,1.38727525681814,2.04949936013762
5-2,squared,0.003,500,8,1.05217525955592,1.3760153496898
6-3-2,squared,0.003,500,8,0.93483183743444,1.27200261218179
8-4-2,squared,0.003,500,8,1.17470044582268,2.73597744561333
7-4-3-2,squared,0.003,500,8,1.10920277523118,2.20688137840695
9-6-4-3,squared,0.003,500,8,1.0923804847627,2.55701556031923
10-5-3-2,squared,0.003,500,8,0.596031294608017,1.04092389579254
4-4,huber,0.003,500,8,1.19439199261959,1.52276922879877
5-2,huber,0.003,500,8,1.34233097689431,2.00674009686185
6-3-2,huber,0.003,500,8,0.794851296410787,1.21849894342602
8-4-2,huber,0.003,500,8,1.29323140875723,2.10335023699047
7-4-3-2,huber,0.003,500,8,1.6760980404364,2.6394666318876
9-6-4-3,huber,0.003,500,8,1.4346660904174,2.38847347660617
10-5-3-2,huber,0.003,500,8,1.15961438489924,2.24976366246923
4-4,pseudo-huber,0.003,500,8,1.84587622113427,2.44184423021317
5-2,pseudo-huber,0.003,500,8,1.74636376203717,2.3682488822244
6-3-2,pseudo-huber,0.003,500,8,1.08611205373304,1.50510589593813
8-4-2,pseudo-huber,0.003,500,8,1.44742132575432,2.7210868184346
7-4-3-2,pseudo-huber,0.003,500,8,1.60877074276435,2.50959879449473
9-6-4-3,pseudo-huber,0.003,500,8,1.2581177932897,2.08631718276926
10-5-3-2,pseudo-huber,0.003,500,8,0.659074606909455,1.14343492438609
4-4,absolute,0.01,500,8,0.981329661671654,1.22388726384682
5-2,absolute,0.01,500,8,1.12372135859039,1.39092085805599
6-3-2,absolute,0.01,500,8,1.03625285879817,1.49966986046626
8-4-2,absolute,0.01,500,8,1.00387361059769,1.46428506766298
7-4-3-2,absolute,0.01,500,8,1.52533316421475,3.02704542734427
9-6-4-3,absolute,0.01,500,8,0.497435147442803,1.18184314448253
10-5-3-2,absolute,0.01,500,8,1.13981443439379,2.29694249710997
4-4,squared,0.01,500,8,1.10478033637397,1.70617828958898
5-2,squared,0.01,500,8,1.53110983942339,2.36962250873161
6-3-2,squared,0.01,500,8,0.884489941437655,1.49224331736674
8-4-2,squared,0.01,500,8,0.459189396489385,0.948197348549394
7-4-3-2,squared,0.01,500,8,0.497527565682516,1.07040921519807
9-6-4-3,squared,0.01,500,8,0.570743247332408,1.25893524589831
10-5-3-2,squared,0.01,500,8,0.480386654701759,1.31346010236552
4-4,huber,0.01,500,8,1.47488625218494,2.2299856660636
5-2,huber,0.01,500,8,1.60887328781287,2.37843003393245
6-3-2,huber,0.01,500,8,1.52502313017893,2.45095316656
8-4-2,huber,0.01,500,8,0.956397813579578,1.96373029242706
7-4-3-2,huber,0.01,500,8,0.880672621484189,1.50277901397644
9-6-4-3,huber,0.01,500,8,1.00540326818178,2.57213456429223
10-5-3-2,huber,0.01,500,8,0.717955120680321,1.50073158494376
4-4,pseudo-huber,0.01,500,8,1.65187513503727,2.49311487262278
5-2,pseudo-huber,0.01,500,8,1.1390954552897,1.58608555122638
6-3-2,pseudo-huber,0.01,500,8,1.3396491261682,2.58298273574345
8-4-2,pseudo-huber,0.01,500,8,0.704205500533303,1.23749710230423
7-4-3-2,pseudo-huber,0.01,500,8,1.40655985348414,2.32378110644376
9-6-4-3,pseudo-huber,0.01,500,8,0.531024190960472,1.07584406705437
10-5-3-2,pseudo-huber,0.01,500,8,0.615576082494891,1.36342434692085
4-4,absolute,0.03,500,8,3.27496461925471,3.84955225228695
5-2,absolute,0.03,500,8,1.88041990573732,2.16031302618067
6-3-2,absolute,0.03,500,8,1.68099888900272,1.98028932084705
8-4-2,absolute,0.03,500,8,2.20020504415536,2.88041544218327
7-4-3-2,absolute,0.03,500,8,1.01786919433858,1.38589087956805
9-6-4-3,absolute,0.03,500,8,1.29486868099646,2.25564922714625
10-5-3-2,absolute,0.03,500,8,1.48228078937316,2.14335464578571
4-4,squared,0.03,500,8,1.83471254162763,2.87683456658627
5-2,squared,0.03,500,8,1.06094535804397,1.49409700923926
6-3-2,squared,0.03,500,8,0.969847097992905,1.38609384363434
8-4-2,squared,0.03,500,8,0.729763038042706,1.33137874994793
7-4-3-2,squared,0.03,500,8,0.719144840221611,1.08665423679808
9-6-4-3,squared,0.03,500,8,0.487293740304495,1.19940809230604
10-5-3-2,squared,0.03,500,8,0.44066921517472,1.23775891356546
4-4,huber,0.03,500,8,1.21240682493399,1.63472729843944
5-2,huber,0.03,500,8,1.21232269544721,1.54681683498123
6-3-2,huber,0.03,500,8,1.19354176454721,2.29253620295082
8-4-2,huber,0.03,500,8,0.562708490634845,1.09370582158286
7-4-3-2,huber,0.03,500,8,0.775932092916134,1.15593827320525
9-6-4-3,huber,0.03,500,8,0.661536722270444,1.77675721739254
10-5-3-2,huber,0.03,500,8,0.379299069516439,0.892819710748641
4-4,pseudo-huber,0.03,500,8,1.05021393236646,1.71729558602314
5-2,pseudo-huber,0.03,500,8,0.722352069844008,1.20826219529505
6-3-2,pseudo-huber,0.03,500,8,0.750235730752199,1.3888902874062
8-4-2,pseudo-huber,0.03,500,8,0.763875318123524,0.991695717760187
7-4-3-2,pseudo-huber,0.03,500,8,0.614220564976088,1.29159276307088
9-6-4-3,pseudo-huber,0.03,500,8,0.7303450840955,2.50144648036736
10-5-3-2,pseudo-huber,0.03,500,8,0.752678741190384,1.76945598421177
